{
	"format_version": "1.8.0",
	"animations": {
		"animation.crates.open": {
			"animation_length": 2.75,
			"bones": {
				"bone": {
					"rotation": {
						"0.4583": [0, 0, 0],
						"0.5": [0, 0, -27.5],
						"0.75": [0, 0, 7.68],
						"1.0": [0, 0, -15],
						"1.25": [0, 0, -12.5],
						"1.5": [0, 0, 10],
						"1.75": [0, 0, -17.5],
						"2.0": [0, 0, 10],
						"2.25": [0, 0, -15],
						"2.375": [4.13168, 0.76363, -1.07502],
						"2.5": [21.63168, 0.76363, -1.07502],
						"2.6667": [4.13168, 0.76363, -1.07502]
					},
					"position": {
						"0.0": [0, -1, 0],
						"0.375": [0, 11, 0],
						"2.5833": [0, 11, 0],
						"2.75": [0, -2, 0]
					},
					"scale": {
						"0.0": [1, 0.8, 1],
						"0.125": [1, 1.1059, 1],
						"2.375": [1, 0.9682, 1],
						"2.5": [1, 1.6, 1],
						"2.75": [1, 1, 1]
					}
				}
			}
		}
	}
}